date,oven_id,layer_id,lamp_id,anomaly_accumulation_hour,anomaly_total_number
2021/12/27,1B0,5,26_49,5116,2
2021/12/27,1C0,3,45_91,4699,2
2021/12/27,1D0,14,64,3241,1
2021/12/27,1E0,1,96,4138,1
2021/12/27,1E0,8,51,3818,1
2022/1/4,1B0,4,31,4822,1
2022/1/4,1B0,7,59_89_109,5011,3
2022/1/4,1B0,11,32_81,5226,2
2022/1/4,1B0,12,47_87_110,5129,3
2022/1/4,1C0,1,9_81,4878,2
2022/1/4,1D0,11,10_38,4218,2
2022/1/4,1D0,12,19_46,3672,2
2022/1/4,1D0,19,21_24,4141,2
2022/1/9,1B0,1,84_85_87,5599,3
2022/1/9,1B0,5,24_96_102,5394,3
2022/1/9,1B0,6,79_110,5284,2
2022/1/9,1B0,18,47_50_120,5007,3
2022/1/9,1C0,11,98_97,4598,2
2022/1/9,1D0,7,12_82,4536,2
2022/1/9,1D0,11,12_13,4316,2
2022/1/9,1D0,12,90_97,4243,2
2022/1/9,1D0,14,72_54,4184,2
2022/1/9,1E0,11,47_91,3646,2
2022/1/14,1B0,2,38_116,4179,2
2022/1/14,1B0,9,72,5235,1
2022/1/14,1C0,5,27_45,4973,2
2022/1/14,1C0,12,46_80,4930,2
2022/1/14,1D0,2,68,4862,1
2022/1/14,1D0,9,49_70,4548,2
2022/1/14,1D0,12,45,4371,1
2022/1/14,1D0,16,76_89,4023,2
2022/1/17,1B0,3,56_98_102,5848,3
2022/1/17,1B0,17,42_47,5334,2
2022/1/17,1C0,2,67_72,5420,2
2022/1/17,1C0,3,81_120,5095,2
2022/1/17,1D0,13,23_121,4377,2
2022/1/17,1D0,15,1_111,4270,2
2022/1/17,1E0,2,83,4378,1
2022/1/17,1E0,16,100,3636,1
2022/1/17,2B0,6,28,2984,1
2022/1/17,2B0,7,29_36,3567,2
2022/1/17,2C0,3,33_51_86,3651,3
2022/1/25,1B0,3,34_77_85,6000,3
2022/1/25,1B0,10,23_28_36,5628,3
2022/1/25,1C0,1,12,5279,1
2022/1/25,1E0,4,104_107,4342,2
2022/1/25,1E0,13,76_90,3862,2
2022/1/25,1E0,16,37,3679,1
2022/1/29,1B0,1,23_26_120,5994,3
2022/1/29,1B0,11,7_45_46,5722,3
2022/1/29,1C0,1,25,5312,1
2022/1/29,1C0,6,47_121,5534,2
2022/1/29,1C0,8,11_102,5380,2
2022/1/29,1C0,19,69,5061,1
2022/1/29,1D0,1,3_104,4820,2
2022/1/29,1D0,4,102_106,5086,2
2022/1/29,1D0,5,47,4982,1
2022/1/29,1D0,13,88,4539,1
2022/2/3,1B0,8,100_113_117,5940,3
2022/2/3,1B0,13,26_58_106,6742,3
2022/2/3,1B0,14,60_109,5620,2
2022/2/3,1B0,16,55_21_62,5654,3
2022/2/3,1C0,1,41_74,5414,2
2022/2/3,1C0,2,59_26,5758,2
2022/2/3,1C0,4,30_33,5685,2
2022/2/3,1D0,1,42_102,4926,2
2022/2/3,1D0,3,25_36_39,5182,3
2022/2/3,1D0,8,12,4480,1
2022/2/3,1D0,18,95_96,4427,2
2022/2/3,1D0,19,36_39_89,4202,3
2022/2/3,2B0,7,58_78_121,3748,3
2022/2/3,2C0,12,27_34_35_41,3823,4
2022/2/10,1B0,5,45_85,5983,2
2022/2/10,1C0,1,15,5497,1
2022/2/10,1C0,2,108_47,5861,2
2022/2/10,1C0,5,58_105,5403,2
2022/2/10,1C0,9,68_121,5484,2
2022/2/10,1C0,19,65,5280,1
2022/2/10,1D0,1,81,5039,1
2022/2/10,1D0,6,14_117,5104,2
2022/2/10,1D0,9,24_51,5041,2
2022/2/10,1E0,18,33_103_106,3909,3
2022/2/11,1C0,10,103_100,5457,2
2022/2/11,1D0,5,45_120,5231,2
2022/2/11,1E0,11,32,4279,1
2022/2/17,1B0,3,70_110,6421,2
2022/2/17,1C0,1,6_19,5520,2
2022/2/17,1C0,4,78_98,5949,2
2022/2/17,1C0,6,49_89,5815,2
2022/2/17,1C0,7,25_92,5848,2
2022/2/17,1C0,11,39_89,5374,2
2022/2/17,1E0,13,106,4239,1
2022/2/17,1E0,15,15,3751,1
2022/2/17,1E0,16,21_30,4030,2
2022/2/17,1D0,1,94,5174,1
2022/2/17,1D0,10,96_49,5098,2
2022/2/17,1D0,11,15_109,5037,2
2022/2/17,1D0,12,7_100,4986,2
2022/2/17,1D0,14,46_87,4859,2
2022/2/17,2B0,1,29_79_62,4368,3
2022/2/17,2B0,8,29_83_117,4296,3
2022/2/17,2B0,9,15_29_41,4226,3
2022/2/17,2B0,11,29_84,3780,2
2022/2/17,2B0,16,29_56_94,3920,3
2022/2/17,2B0,19,27_29_74,4010,3
2022/2/17,2D0,11,40_43_50,3821,3
2022/2/17,2E0,4,13_72_75,3421,3
2022/2/19,1B0,1,98_102_105,6435,3
2022/2/19,1B0,2,51,4919,1
2022/2/19,1B0,12,64_77_79,6050,3
2022/2/19,1E0,16,39,4058,1
2022/2/19,2B0,15,69,2527,1
2022/2/19,2C0,1,83,4293,1
2022/2/19,2D0,4,3_78_111,3664,3
2022/2/27,1B0,3,64_68_118,6615,3
2022/2/27,1B0,5,85_88_108,6171,3
2022/2/27,1B0,7,50_81_100,6042,3
2022/2/27,1B0,8,12_56_111,6344,3
2022/2/27,1C0,1,80_116,5601,2
2022/2/27,1D0,4,36_113,5562,2
2022/2/27,1D0,12,41_89,5158,2
2022/2/27,1E0,1,55_82_85,5118,3
2022/2/27,1E0,4,50_102,4899,2
2022/2/27,1E0,8,45_104,4721,2
2022/2/27,2B0,13,29_55_77,3941,3
2022/3/4,1B0,1,10_21,6641,2
2022/3/4,1B0,4,84,5959,1
2022/3/4,1B0,6,10_30_89_105,6411,4
2022/3/4,1B0,11,36_48_86,6403,3
2022/3/4,1B0,18,2_13_52,6076,3
2022/3/4,1C0,4,14_24,6177,2
2022/3/4,1C0,18,107_116,5731,2
2022/3/4,1E0,12,94_108,4659,2
2022/3/4,1E0,19,23_94,4398,2
2022/3/4,2B0,10,29_74_107,4396,3
2022/3/4,2C0,1,44_121,4514,2
2022/3/4,2E0,9,8_76_104,3391,3
2022/3/7,1C0,4,8_96,6214,2
2022/3/7,1C0,7,27_65,6198,2
2022/3/7,1C0,11,6_87,5722,2
2022/3/7,1D0,12,17_47,5289,2
2022/3/7,1D0,18,58_99,5027,2
2022/3/7,1E0,14,21_55,4577,2
2022/3/7,2B0,14,49_117,4525,2
2022/3/10,1B0,3,111 _114,6811,2
2022/3/10,1B0,4,65,6045,1
2022/3/10,1B0,15,16_54_76,6323,3
2022/3/10,1B0,17,13_45_100,6353,3
2022/3/10,1E0,16,92,4424,1
2022/3/10,1E0,18,35_87,4412,2
2022/3/10,1D0,2,6_94,5930,2
2022/3/10,1D0,6,2_100,5609,2
2022/3/15,1B0,4,77_78,6148,2
2022/3/15,1B0,13,10_49_83,6557,3
2022/3/15,1C0,1,42_93,6532,2
2022/3/15,1C0,2,85_92,5891,2
2022/3/15,2B0,6,6,4107,1
2022/3/15,2B0,17,48_51,4551,2
2022/3/15,2C0,8,37_49_96_100,4622,4
2022/3/15,2E0,5,13_72,3784,2
2022/3/15,2E0,8,13_54_58,3632,3
2022/3/21,1C0,6,50_51,6456,2
2022/3/21,1C0,9,47_92,6264,2
2022/3/21,1B0,4,21,6222,1
2022/3/21,1B0,5,34_63_95,6573,3
2022/3/21,1B0,11,12_52_67,6758,3
2022/3/21,1D0,16,53_74,5290,2
2022/3/21,1D0,17,34_36,5299,2
2022/3/21,2B0,1,30_86,4962,2
2022/3/21,2C0,11,19_35_117,4624,3
2022/3/21,2E0,10,13_27_28,3660,3
2022/3/23,1C0,1,105,6052,1
2022/3/23,1B0,3,19_66_83_101,7021,4
2022/3/23,1B0,14,28_78_93,6612,3
2022/3/23,1E0,2,115,5673,1
2022/3/23,1E0,8,47_106,5209,2
2022/3/23,1E0,16,98,4664,1
2022/3/23,1D0,1,21_68,5731,2
2022/3/23,1D0,13,15_86,5599,2
2022/3/23,2C0,19,58_73_80,4489,3
2022/3/26,1C0,1,54_121,6054,2
2022/3/26,1C0,4,76_83,6622,2
2022/3/26,1C0,5,121_98,6216,2
2022/3/26,1C0,12,77_81,6329,2
2022/3/26,1B0,1,57_74,7085,2
2022/3/26,1B0,11,56_109_106,6842,3
2022/3/26,1B0,12,54_17,6771,2
2022/3/26,1B0,16,27_108_109,6661,3
2022/3/26,1D0,2,37_117,6251,2
2022/3/26,2B0,17,117_4_29,4707,3
2022/3/28,1E0,6,74_100,5454,2
2022/3/28,1E0,16,70,4763,1
2022/3/28,1D0,8,50,5420,1
2022/3/28,1E0,15,49,5684,1
2022/3/28,1C0,3,47_89,6850,2
2022/3/28,1C0,6,117_106,6610,2
2022/3/28,1C0,11,15_111,6174,2
2022/3/28,1B0,2,63_93,5727,2
2022/3/28,1B0,18,34_78_90,6581,3
2022/3/28,2E0,5,92_113,3919,2
2022/3/31,1C0,1,55_57,6157,2
2022/3/31,1C0,8,84_96,6627,2
2022/3/31,1E0,1,12_108,5779,2
2022/3/31,1E0,2,120,5827,1
2022/3/31,1D0,1,49_50_104,5894,3
2022/3/31,2B0,11,51_82,4542,2
2022/3/31,2E0,4,57_77_110_112,3970,4
2022/3/31,2D0,1,30_32_49_84,4899,4
2022/4/1,1B0,1,7_36_51,7203,3
2022/4/1,1B0,4,12_28,6445,2
2022/4/1,1E0,16,47_110,4821,2
2022/4/1,2B0,16,29,4709,1
2022/4/1,2C0,5,86_87,5000,2
2022/4/3,1B0,5,72_113,6824,2
2022/4/3,1B0,7,40_52_115,6782,3
2022/4/3,1C0,1,68_76,6194,2
2022/4/3,1C0,10,41_98,6492,2
2022/4/3,1C0,13,42,6497,1
2022/4/3,1D0,1,15_30,5921,2
2022/4/3,2B0,16,33_96,4725,2
2022/4/3,2B0,18,26_29_56,4983,3
2022/4/3,2C0,2,26_52_67,4212,3
2022/4/3,2C0,16,65_105,4776,2
2022/4/7,1B0,8,19_15_115,7096,3
2022/4/7,1B0,15,14_38_56,6889,3
2022/4/7,1D0,8,48,5544,1
2022/4/7,2B0,8,54_118,5165,2
2022/4/7,2B0,12,34_92,4939,2
2022/4/7,2B0,14,29_51_85,5109,3
2022/4/7,2C0,1,2_19,5117,2
2022/4/7,2E0,7,13_70_73_92,3961,4
2022/4/7,2E0,11,6_13_41,3459,3
2022/4/9,1C0,14,21_58,6520,2
2022/4/9,1B0,11,13_114_115,7069,3
2022/4/9,1B0,14,40_75_110,6897,3
2022/4/9,1E0,16,86,4929,1
2022/4/9,1E0,17,74_89,5166,2
2022/4/9,1E0,19,21_87,5085,2
2022/4/9,1D0,9,24_25,6189,2
2022/4/9,2B0,3,1_29,5395,2
2022/4/9,2D0,11,38_115,4578,2
2022/4/11,1C0,6,28_38,6828,2
2022/4/11,1C0,8,6_49,6788,2
2022/4/11,1B0,3,60_79_98,7393,3
2022/4/11,1B0,9,15_39,7002,2
2022/4/11,1E0,3,106_111,5900,2
2022/4/11,1E0,12,45,5366,1
2022/4/11,1D0,5,79_80,6364,2
2022/4/11,1D0,17,45_89,5687,2
2022/4/14,1B0,4,10_82,6632,2
2022/4/14,1B0,5,39_89,6996,2
2022/4/14,1D0,17,76_78,5713,2
2022/4/14,2B0,4,18_29_115,5354,3
2022/4/16,1C0,5,119_106,7178,2
2022/4/16,1C0,7,76_4,6962,2
2022/4/16,1B0,12,100_51_42,7108,3
2022/4/16,1E0,4,6_19,5754,2
2022/4/16,1E0,6,41_68,5750,2
2022/4/16,1E0,9,38,5644,1
2022/4/16,1E0,16,53,4980,1
2022/4/16,1D0,1,77_113,6110,2
2022/4/18,1C0,1,17_104,6432,2
2022/4/18,1C0,3,41_79,6874,2
2022/4/18,1C0,4,81_119,715,2
2022/4/18,1C0,11,13_116,6532,2
2022/4/18,1C0,13,89,6716,1
2022/4/18,1C0,15,81_98,6629,2
2022/4/18,1B0,8,8_41_58,7270,3
2022/4/18,1B0,14,24_67_75,7025,3
2022/4/18,1G0,13,38_91,1189,2
2022/4/18,1E0,1,47_60,6045,2
2022/4/18,1E0,11,62_83,5515,2
2022/4/18,1E0,16,46_48,5014,2
2022/4/18,1D0,2,4_32_81,6622,3
2022/4/18,1D0,12,98_113_121,6060,3
2022/4/18,2G0,8,42_57_60,4140,3
2022/4/18,2D0,11,54_119,4719,2
2022/4/20,1C0,1,75_36,6467,2
2022/4/20,1C0,2,83_113,7184,2
2022/4/20,1B0,9,62_54,7147,2
2022/4/20,1B0,15,47_87_107,7116,3
2022/4/20,1E0,5,26_53,5997,2
2022/4/20,1E0,16,23_21,5022,2
2022/4/20,1E0,19,101_106,5225,2
2022/4/20,2B0,12,66_77_75,5168,3
2022/4/20,2D0,4,102_107_45_73_71_109,5228,6
2022/4/22,1C0,1,72_89,6479,2
2022/4/22,1C0,18,49_113,6604,2
2022/4/22,1B0,1,55_64,7559,2
2022/4/22,1B0,6,19_30_43,7399,3
2022/4/22,1B0,9,1_23,7183,2
2022/4/22,1B0,16,43_83_79,7155,3
2022/4/22,1B0,18,56_66_75,7018,3
2022/4/22,1E0,13,54_108,5418,2
2022/4/22,1D0,13,72_77_100,6097,3
2022/4/22,2C0,1,14_94,5378,2
2022/4/22,2C0,6,46_47_108,5192,3
2022/4/22,2G0,10,25_26_117,4123,3
2022/4/24,1C0,2,70_76,7253,2
2022/4/24,1C0,17,6_25,6731,2
2022/4/24,1B0,2,15_95_77,6203,3
2022/4/24,1B0,3,43_6_67,7599,3
2022/4/24,1B0,4,80,6829,1
2022/4/24,1B0,17,58_17_101,7220,3
2022/4/24,1E0,14,62_23,5443,2
2022/4/24,1E0,18,14_19,5212,2
2022/4/24,1D0,6,22_25_113,6440,3
2022/4/24,2B0,9,67_72_60,5431,3
2022/4/24,2D0,7,14_94_108,5174,3
2022/4/26,1C0,14,66_26,6844,2
2022/4/26,1B0,4,112,6846,1
2022/4/26,1B0,11,20_55_60,7340,3
2022/4/26,1B0,13,36_17_66,7332,3
2022/4/26,1D0,7,110_111_120,6594,3
2022/4/26,2D0,2,86_88_93,5419,3
2022/4/26,2B0,2,18_111,5679,2
2022/4/28,1C0,2,100_114,7317,2
2022/4/28,1C0,6,69_76,7075,2
2022/4/28,1C0,10,48_89,6885,2
2022/4/28,1B0,10,60_75_93,7488,3
2022/4/28,1B0,15,15_74_104,7255,3
2022/4/28,1E0,12,47_121,5586,2
2022/4/29,1C0,11,38_24,6713,2
2022/4/29,1B0,2,15_89_113,6293,3
2022/4/29,1B0,6,27_32_63_117,7534,4
2022/4/29,1B0,8,5_53_85,7469,3
2022/4/29,1D0,2,98_102_114,6784,3
2022/4/29,1D0,17,110,5938,1
2022/4/29,2B0,19,25_78_80,5252,3
2022/4/29,2C0,8,51_89_96,5391,3
2022/4/29,2C0,17,58_65_119,5244,3
2022/4/29,2E0,12,13_33_34_35_36,3358,5
2022/5/2,1B0,1,45_71,7703,2
2022/5/2,1B0,5,68_105,7333,2
2022/5/2,1B0,12,34_40,7417,2
2022/5/2,1B0,16,81_96_110,7330,3
2022/5/2,1C0,1,109,6633,1
2022/5/2,1C0,3,15_117,7129,2
2022/5/2,1C0,4,43_74,7261,2
2022/5/2,1C0,7,30_53,7225,2
2022/5/2,1C0,8,68_97,7107,2
2022/5/2,1C0,10,67,6942,1
2022/5/2,1D0,10,89_94_109,6448,3
2022/5/2,2B0,3,2_113,5818,2
2022/5/4,1C0,11,10_23,6815,2
2022/5/4,1C0,12,20_37,7035,2
2022/5/4,1B0,10,15_37_117,7565,3
2022/5/4,1B0,15,55_77_98,7350,3
2022/5/4,1B0,17,40_102_17,7406,3
2022/5/4,1G0,1,3_88_91_93,4230,4
2022/5/4,1E0,14,21_82,5595,2
2022/5/4,2C0,1,70_93,5607,2
2022/5/4,2E0,13,13_81_85,3790,3
2022/5/6,1C0,1,34_50,6691,2
2022/5/6,1C0,3,98_104,7483,2
2022/5/6,1C0,5,72_104,7540,2
2022/5/6,1C0,6,73_107,7236,2
2022/5/6,1B0,1,43_60,7775,2
2022/5/6,1B0,3,21_81_107,7817,3
2022/5/6,1B0,5,23_107_115,7392,3
2022/5/6,1G0,7,78,6141,1
2022/5/6,1D0,17,12_87,6075,2
2022/5/6,2B0,6,8_15,5298,2
2022/5/6,2B0,11,1,5205,1
2022/5/6,2C0,11,17_45_48,5450,3
2022/5/9,1C0,2,42_74,7506,2
2022/5/9,1C0,10,100_117,7009,2
2022/5/9,1B0,2,25_91_97,6486,3
2022/5/9,1B0,8,87_106,7624,2
2022/5/9,1B0,9,50_113,7483,2
2022/5/9,1D0,15,19_39_47,6306,3
2022/5/9,2B0,11,13_49,5205,2
2022/5/9,2E0,5,37_39_41,4566,3
2022/5/9,2E0,14,13_91_93,3850,3
2022/5/11,1C0,4,26_92,7425,2
2022/5/11,1C0,15,8_60,7029,2
2022/5/11,1B0,1,17_75,7872,2
2022/5/11,1B0,3,15_113,7886,2
2022/5/11,1E0,1,10_45,6455,2
2022/5/11,1E0,2,58_83,6514,2
2022/5/11,1E0,11,75_85,5904,2
2022/5/11,1E0,13,85,5714,1
2022/5/11,1E0,16,45_112,5342,2
2022/5/11,1D0,12,5_25_46_48,6435,4
2022/5/11,2B0,14,28_29_51,5762,3
2022/5/11,2E0,6,13_17_28,4628,3
2022/5/13,1C0,5,87,7639,1
2022/5/13,1C0,11,12_21,6956,2
2022/5/13,1C0,12,34_98,7174,2
2022/5/13,1C0,14,14_19,7145,2
2022/5/13,1B0,2,38_46_58,6554,3
2022/5/13,1B0,4,117,7029,1
2022/5/13,1E0,6,38_94,6212,2
2022/5/13,1E0,8,23_83,6081,2
2022/5/13,1E0,12,113,5848,1
2022/5/13,1E0,16,24_45,5368,2
2022/5/13,1D0,1,60_78_103,6575,3
2022/5/13,1D0,2,2_83_119,7014,3
2022/5/13,1D0,5,40_66_119,6903,3
2022/5/13,2B0,8,97_115,5845,2
2022/5/13,2C0,5,18_89,5772,2
2002/5/14,1C0,1,5_96,6827,2
2002/5/14,1B0,14,18_20_37_57,7512,4
2002/5/14,1E0,4,36_62,6238,2
2022/5/15,1B0,4,109,7064,1
2022/5/15,1B0,11,23_39_70,7705,3
2022/5/15,1B0,12,36_107,7668,2
2022/5/15,1C0,13,12,7212,1
2022/5/15,1C0,14,51,7180,1
2022/5/15,2C0,16,63,5527,1
2022/5/15,2C0,17,121,5551,1
2022/5/15,1G0,1,1,4375,1
2022/5/15,1G0,2,79,4219,1
2022/5/16,1C0,1,77_92,6868,2
2022/5/16,1C0,2,87_102,7637,2
2022/5/16,1C0,13,91,7226,1
2022/5/16,1E0,14,6_8_41,5785,3
2022/5/16,1D0,6,28_51_115,6834,3
2022/5/17,1D0,2,71_113_115,7095,3
2022/5/17,1D0,11,40_89_102,6704,3
2022/5/17,1C0,16,102_117,7229,2
2022/5/17,1B0,6,24_41_87,7876,3
2022/5/17,1B0,7,24_68_117,7614,3
2022/5/17,1B0,8,13_55_118,7774,3
2022/5/18,1C0,3,6_117,7428,2
2022/5/18,1C0,13,100,7231,1
2022/5/18,1B0,10,79_113_116,7822,3
2022/5/18,1D0,7,56_87_99,7009,3
2022/5/18,2B0,9,13_41_43_69,5918,4
2022/5/18,2C0,8,36_77,5764,2
2022/5/19,1C0,1,30,6916,1
2022/5/19,1C0,11,21_117,7070,2
2022/5/19,1C0,18,4_24,7099,2
2022/5/19,1C0,19,12,7080,1
2022/5/19,1E0,13,21_49,5841,2
2022/5/19,2E0,1,13_50,5076,2
2022/5/19,2E0,2,13_68,5060,2
2022/5/20,1B0,1,3_40,8038,2
2022/5/20,1E0,1,15_40_46,6600,3
2022/5/20,2E0,9,68_74,4569,2
2022/5/21,1C0,1,28_79,6951,2
2022/5/21,1C0,4,45_82,7616,2
2022/5/21,1C0,5,41,7797,1
2022/5/21,1C0,6,6_66,7509,2
2022/5/21,1C0,15,65,7208,1
2022/5/21,1B0,8,17_110_119,7846,3
2022/5/21,1B0,9,21_28_87,7722,3
2022/5/21,1B0,10,13_76_101,7879,3
2022/5/21,1D0,10,31_43_51,6787,3
2022/5/21,1E0,1,41,6600,1
2022/5/23,1B0,3,23_95_121,8117,3
2022/5/23,1B0,15,26_51_58,7699,3
2022/5/23,1B0,16,53_119,7713,2
2022/5/23,1B0,17,21_111_119,7749,3
2022/5/23,1B0,18,50_70_119,7579,3
2022/5/23,1C0,3,26_36,7504,2
2022/5/23,1C0,5,63_68,7836,2
2022/5/23,1C0,8,119,7466,1
2022/5/23,1C0,17,26_66,7253,2
2022/5/23,1E0,7,56,6413,1
2022/5/23,1D0,2,108,7166,1
2022/5/23,1D0,3,55_81_85_87,7246,4
2022/5/23,1D0,15,45_76_86,6535,3
2022/5/23,1D0,18,42_60_104,6415,3
2022/5/23,2B0,2,29_64,6213,2
2022/5/23,2B0,3,43_111,6228,2
2022/5/23,2B0,10,76_103_105_109,5930,4
2022/5/23,2B0,15,79,4238,1
2022/5/24,1B0,2,13_44,6772,2
2022/5/24,1C0,6,110_116,7556,2
2022/5/24,1D0,1,35_40_105,6780,3
2022/5/24,1D0,14,37_51_108,6642,3
2022/5/24,2C0,8,39_47_104,5878,3
2022/5/24,2D0,13,14_41_90_92_103,5440,5
2022/5/25,1B0,4,106,7223,1
2022/5/25,1B0,7,77_100,8032,2
2022/5/25,1C0,1,10_13,7015,2
2022/5/25,1C0,4,20_25,7690,2
2022/5/25,1C0,8,78,7499,1
2022/5/25,1C0,13,102,7349,1
2022/5/25,1E0,7,15_100,6431,2
2022/5/25,1E0,14,53_102,5925,2
2022/5/25,1E0,18,53_106,5714,2
2022/5/25,1D0,4,34_100,7131,2
2022/5/26,1C0,2,56_58,7815,2
2022/5/26,1C0,18,2_96,7214,2
2022/5/26,1E0,1,38_51,6685,2
2022/5/26,2B0,5,34,6272,1
2055/5/27,1B0,4,107,7254,1
2055/5/27,1C0,8,58,7531,1
2055/5/27,1C0,13,58,7371,1
2055/5/27,1C0,19,105,7224,1
2055/5/27,1E0,5,102,6651,1
2055/5/27,1E0,11,8,6171,1
2055/5/27,2C0,16,59,5752,1
2055/5/27,2D0,19,75_77_92_110_112,5299,5
2022/5/28,1B0,4,57,7260,1
2022/5/28,1B0,9,72_73,7867,2
2022/5/28,1C0,1,46,7079,1
2022/5/28,1C0,9,38_79,7540,2
2022/5/28,1E0,13,17,5973,1
2022/5/28,1E0,15,40_103,5517,2
2022/5/28,1D0,12,6_42_49,6741,3
2022/5/28,2C0,1,6_24_59,6072,3
2022/5/28,2C0,13,57_59_77,5896,3
2022/5/28,2E0,7,6_11,4818,2
2022/5/28,2D0,18,73_101_107_121,5342,4
2022/5/29,1B0,1,2_83_99,8206,3
2022/5/29,1B0,3,85_109,8223,2
2022/5/29,1B0,9,6_31,7876,2
2022/5/29,1B0,18,47_92_98,7689,3
2022/5/29,1C0,13,56,7412,1
2022/5/29,1D0,1,84_107,6873,2
2022/5/29,1D0,5,81_107,7201,2
2022/5/29,1D0,16,14_55_60,6503,3
2022/5/29,1E0,1,13_57,6729,2
2022/5/29,1E0,3,85_109,6736,2
2022/5/29,1E0,5,19_96_121,6673,3
2022/5/29,1E0,12,100,6117,1
2022/5/30,1B0,11,108,7992,1
2022/5/30,1B0,13,40_43_46,7972,3
2022/5/30,1B0,15,5_43_109,7829,3
2022/5/30,1B0,17,19_31_46,7877,3
2022/5/30,1C0,4,40_73,7787,2
2022/5/30,1C0,15,47_106,7368,2
2022/5/30,1D0,17,10_106_108,6493,3
2022/5/30,1E0,3,92_113,6755,2
2022/5/30,1E0,13,102,6005,1
2022/5/31,1B0,11,65_68,7998,2
2022/5/31,1B0,12,31_45_55,7982,3
2022/5/31,1C0,3,21_94_120,7654,3
2022/5/31,1C0,5,17_31,7983,2
2022/5/31,1C0,7,42_66,7789,2
2022/5/31,1C0,9,24_106,7588,2
2022/5/31,1C0,10,47_78,7420,2
2022/5/31,1C0,17,4_21,7389,2
2022/5/31,1D0,2,43_47_113,7311,3
2022/5/31,1D0,13,25_75_89,6792,3
2022/5/31,1D0,17,118,6493,1
2022/5/31,2C0,6,48_75_106,5977,3
2022/5/31,2D0,1,17_21_82,6113,3
2022/6/1,1B0,2,55,6934,1
2022/6/1,1C0,14,55_68,7446,2
2022/6/1,1D0,6,19_27,7139,2
2022/6/1,1E0,12,55_85,6160,2
2022/6/1,1E0,15,42_102,5574,2
2022/6/1,2B0,2,74,6374,1
2022/6/1,2C0,10,11_38_83,6113,3
2022/6/2,1B0,14,5_34_38,7896,3
2022/6/2,1C0,9,28_41,7610,2
2022/6/2,1C0,12,52_77,7556,2
2022/6/2,1C0,13,113,7482,1
2022/6/2,1D0,10,26_96_117,7004,3
2022/6/2,1D0,14,41_54_78,6814,3
2022/6/2,1D0,17,107_109,6493,2
2022/6/2,1E0,1,14_17,6798,2
2022/6/2,1E0,7,45_110,6571,2
2022/6/4,1B0,5,10_28_91,7941,3
2022/6/4,1B0,6,25_83_92,8239,3
2022/6/4,1C0,2,10_16,7971,2
2022/6/4,1E0,2,98,6950,1
2022/6/4,1E0,7,57_119,6596,2
2022/6/6,1B0,2,38_59,7012,2
2022/6/6,1B0,10,21_97_104,8171,3
2022/6/6,1B0,11,31_54_102,8103,3
2022/6/6,1B0,14,26_45_74,7959,3
2022/6/6,1B0,16,66_102_106,7994,3
2022/6/6,1B0,17,20_80_98,8014,3
2022/6/6,1C0,1,107,7247,1
2022/6/6,1C0,4,65_120,7899,2
2022/6/6,1C0,8,21,7706,1
2022/6/6,1C0,14,9_49,7584,2
2022/6/6,1C0,17,43_108,7475,2
2022/6/6,1D0,6,6_24_86,7236,3
2022/6/6,1D0,19,20_87_89_120,6474,4
2022/6/6,1E0,12,34_50,6229,2
2022/6/6,1E0,17,83_85,6126,2
2022/6/6,1E0,18,58_119,5893,2
2022/6/7,1B0,4,102,7450,1
2022/6/7,1C0,1,22_69,7267,2
2022/6/7,1C0,13,92,7561,1
2022/6/7,1E0,3,44_107,6857,2
2022/6/7,1E0,5,17_117,6794,2
2022/6/7,1E0,11,13_47,6373,2
2022/6/7,1D0,2,12_119,7431,2
2022/6/7,1D0,15,40_90_102,6812,3
2022/6/7,1D0,17,13,6492,1
2022/6/7,2B0,1,12_64_76,6546,3
2022/6/7,2B0,4,30_89,6459,2
2022/6/7,2B0,12,28_31_34_36_60,6080,5
2022/6/7,2B0,13,58_86_96,5869,3
2022/6/7,2B0,15,86,4504,1
2022/6/7,2C0,12,28_42_87,6094,3
2022/6/8,1B0,1,6_30_83,8407,3
2022/6/8,1C0,6,34_98,7842,2
2022/6/8,1E0,16,10,5824,1
2022/6/8,2B0,5,51_77_49,6516,3
2022/6/8,2B0,11,73_87,5804,2
2022/6/8,2D0,4,55_85_104,6129,3
2022/6/9,1B0,4,16,7487,1
2022/6/9,1B0,8,26_79,8221,2
2022/6/9,1B0,9,106,8100,1
2022/6/9,1C0,13,7_53,7595,2
2022/6/9,1E0,6,8_60,6697,2
2022/6/9,1E0,7,9_94,6681,2
2022/6/9,1E0,15,60,5719,1
2022/6/9,2B0,4,31_37_119,6488,3
2022/6/9,2B0,19,42_44_103_105,6053,4
2022/6/10,1B0,9,24_102,8119,2
2022/6/10,1B0,14,42_92_108,8023,3
2022/6/10,1C0,7,31,7983,1
2022/6/10,1C0,16,17,7554,1
2022/6/10,1C0,18,21_122,7501,2
2022/6/10,1C0,19,76,7487,1
2022/6/10,1E0,1,36_106,6935,2
2022/6/10,1D0,5,8_65,7430,2
2022/6/10,1D0,11,2_32_52,7138,3
2022/6/11,1B0,3,65_76,8502,2
2022/6/11,1B0,7,64_97_104,8114,3
2022/6/11,1B0,8,49_95_105,8266,3
2022/6/11,1B0,9,10_59_108,8136,3
2022/6/11,1B0,15,6_19_57,8064,3
2022/6/11,1C0,2,19_43,8123,2
2022/6/11,1C0,5,117,8221,1
2022/6/11,1C0,15,23_68,7611,2
2022/6/11,1C0,17,17_55,7565,2
2022/6/11,1D0,2,68_70_93,7517,3
2022/6/11,1E0,16,17_19_63_65,6223,4
2022/6/11,1E0,17,10_70,5872,2
2022/6/11,2B0,7,29_30_49_85,6264,4
2022/6/11,2C0,2,25_27_69_108,5531,4
2022/6/11,2C0,14,10_44_58,6192,3
2022/6/13,1D0,6,10_11_117,7386,3
2022/6/13,1D0,12,13_38_87,7039,3
2022/6/13,1E0,6,6_30_64,6782,3
2022/6/13,1E0,13,27_87_111,6269,3
2022/6/13,1E0,15,55,5737,1
2022/6/13,2B0,3,41,6610,1
2022/6/13,2B0,13,25_27,5981,2
2022/6/14,1B0,5,15_21_100,8127,3
2022/6/14,1B0,10,58_86_88,8335,3
2022/6/14,1B0,11,24_43_81,8222,3
2022/6/14,1C0,3,58_116,7911,2
2022/6/14,1C0,6,78_102,7955,2
2022/6/14,1C0,7,11_60,8052,2
2022/6/14,1C0,18,8_22,7533,2
2022/6/14,1D0,13,21_47_51,7057,3
2022/6/14,2E0,1,68_92,5518,2
2022/6/14,2E0,7,113,5112,1
2022/6/15,1B0,6,15_96,8458,2
2022/6/15,1B0,9,66_90,8203,2
2022/6/15,1D0,1,47_65,7200,2
2022/6/15,1D0,5,50_92,7515,2
2022/6/15,1D0,16,10_47,6828,2
2022/6/16,1B0,2,76_87_89,7212,3
2022/6/16,1B0,4,26,7606,1
2022/6/16,1B0,14,2_22_59,8118,3
2022/6/16,1C0,5,78_82,8302,2
2022/6/16,1C0,8,3_82,7887,2
2022/6/16,2B0,16,35_83,6152,2
2022/6/17,1B0,9,34_81,8233,2
2022/6/17,1C0,1,83,7440,1
2022/6/17,1C0,2,6,8229,1
2022/6/17,1C0,7,109_117,8099,2
2022/6/17,1E0,14,54_60_76,6332,3
2022/6/17,2B0,2,34_119,6691,2
2022/6/17,2B0,18,107_121,6408,2
2022/6/17,2C0,1,11_23_42,6438,3
2022/6/17,2C0,19,46_66_83,6033,3
2022/6/18,1B0,5,1_25_43,8163,3
2022/6/18,1B0,16,15_31_105,8214,3
2022/6/18,1C0,11,113_115,7633,2
2022/6/18,1D0,3,31_64_102,7743,3
2022/6/18,1E0,1,40_58,7065,2
2022/6/18,1E0,18,17_104,6096,2
2022/6/18,2C0,12,24_90_99,6294,3
2022/6/20,1B0,3,9_24_40,8642,3
2022/6/20,1B0,5,109_111_121,8221,3
2022/6/20,1B0,8,34_45,8391,2
2022/6/20,1B0,15,30_93_108,8214,3
2022/6/20,1C0,1,16,7484,1
2022/6/20,1C0,2,13_28,8260,2
2022/6/20,1C0,4,108_118,8154,2
2022/6/20,1C0,10,51_92,7786,2
2022/6/20,1C0,18,66_78,7605,2
2022/6/20,1D0,14,19_47_70,7128,3
2022/6/20,1E0,4,56_117,6919,2
2022/6/20,1E0,9,17_31_115,6785,3
2022/6/20,2B0,11,70_65,6026,2
2022/6/20,2B0,12,24,6332,1
2022/6/20,2C0,3,49_74_86,6575,3
2022/6/21,1D0,8,20_73,6915,2
2022/6/21,1C0,16,21_26,7741,2
2022/6/22,1B0,7,10_17_51,8039,3
2022/6/22,1B0,11,51_118,8358,2
2022/6/22,1E0,19,8_17_33,6284,3
2022/6/22,2B0,5,30_36,6798,2
2022/6/23,1B0,2,29_117,7335,2
2022/6/23,1B0,12,27_119,8434,2
2022/6/23,1B0,13,42_93_107,8486,3
2022/6/23,1B0,17,41_60_68,8338,3
2022/6/23,1C0,2,40,8295,1
2022/6/23,1C0,8,104,8008,1
2022/6/23,1C0,9,45_58,8011,2
2022/6/23,1C0,13,24_64,7847,2
2022/6/23,1D0,4,73_121,7684,2
2022/6/23,2B0,13,60_66,6163,2
2022/6/24,1B0,8,21_92_121,8459,3
2022/6/24,1C0,3,2_81_111,8086,3
2022/6/24,1D0,13,19_27_119,7233,3
2022/6/24,1D0,18,8_31_36,7023,3
2022/6/24,1E0,7,4_51_52,6931,3
2022/6/25,1B0,4,114_116,7755,2
2022/6/25,1C0,5,34_66,8472,2
2022/6/25,1C0,6,81_83,8149,2
2022/6/25,1D0,11,72_85_113,7416,3
2022/6/25,1D0,12,3_73_89_112,7239,4
2022/6/25,1D0,17,17_93_111,6832,3
2022/6/25,1E0,1,6_28_81,7193,3
2022/6/25,1E0,2,40_109,7338,2
2022/6/27,1B0,6,35_106_108_111,8343,4
2022/6/27,1B0,14,36_65_83,8361,3
2022/6/27,1B0,15,13_45_106,8337,3
2022/6/27,1C0,1,44,7595,1
2022/6/27,1C0,2,33,8357,1
2022/6/27,1C0,4,36,8262,1
2022/6/27,1C0,14,11_85,7976,2
2022/6/27,1C0,17,27,7825,1
2022/6/27,2B0,5,72,6698,1
2022/6/27,2B0,14,76_104,6875,2
2022/6/27,2E0,9,116,5176,1
2022/6/28,1B0,2,3_65_79,7419,3
2022/6/28,1B0,5,66_67_78,8345,3
2022/6/28,1C0,17,3_56,7831,2
2022/6/28,1D0,11,30_87_100,7452,3
2022/6/28,2E0,8,56_59,5276,2
2022/6/28,2E0,16,13_74,3714,2
2022/6/29,1C0,6,36,8193,1
2022/6/29,1E0,6,2_21_104,7032,3
2022/7/1,1C0,12,30_47,8064,2
2022/7/1,1G0,1,101_107,4864,2
2022/7/1,1G0,2,26,4709,1
2022/7/1,1G0,13,8_26,2320,2
2022/7/1,2C0,16,107_112,6367,2
2022/7/4,1B0,1,49_111,8742,2
2022/7/4,1B0,3,45_78,8820,2
2022/7/4,1B0,12,5_116,8554,2
2022/7/4,1C0,2,12_32,8406,2
2022/7/4,1C0,6,101_115,8204,2
2022/7/4,1C0,10,105_119,7950,2
2022/7/4,1C0,17,12_79,7867,2
2022/7/4,1C0,19,41_108,7825,2
2022/7/4,1D0,1,45_96,7472,2
2022/7/4,1D0,2,36,7839,1
2022/7/4,1D0,4,12_104_118,7791,3
2022/7/4,1D0,6,68_98_102,7658,3
2022/7/5,1B0,4,40_43,7852,2
2022/7/5,1B0,7,82_96,8472,2
2022/7/5,1B0,16,8_32_45,8462,3
2022/7/5,1B0,18,53_58_63,8318,3
2022/7/5,1C0,1,102_111,7670,2
2022/7/5,1C0,11,17_101,7864,2
2022/7/5,1E0,8,10_43_113,6958,3
2022/7/5,1E0,13,27_41_117,6552,3
2022/7/5,1E0,14,51_70_121,6521,3
2022/7/5,1E0,15,10_105,6010,2
2022/7/5,1D0,16,51_87,7108,2
2022/7/6,1D0,2,46_55,7875,2
2022/7/6,1D0,13,13_79_118,7352,3
2022/7/6,1E0,8,28_43,6377,2
2022/7/6,1E0,18,8_77_97,7857,3
2022/7/6,2B0,5,96,6962,1
2022/7/6,2B0,15,76,5016,1
2022/7/6,2C0,1,104_118,6698,2
2022/7/6,2C0,8,4_10_102,6647,3
2022/7/7,1B0,2,17_104,7964,2
2022/7/7,1B0,8,6_37_48,7706,3
2022/7/7,1C0,1,27,8606,1
2022/7/7,1C0,5,44_50,8611,2
2022/7/7,1C0,6,79,8235,1
2022/7/7,1C0,9,19_119,8181,2
2022/7/7,1C0,16,81_104,7525,2
2022/7/7,1C0,19,91_121,7872,2
2022/7/7,1D0,9,43_58,7753,2
2022/7/7,1E0,3,96_119_120,7288,3
2022/7/7,1E0,12,9_106_117,6670,3
2022/7/7,2B0,7,16_60,6740,2
2022/7/7,2B0,13,29_111,6398,2
2022/7/7,2C0,9,25_29_45,6649,3
2022/7/7,2D0,15,50_63_98_100,6162,4
2022/7/7,2D0,17,9_72_109,5900,3
2022/7/7,2E0,2,86_120,5829,2
2022/7/7,2E0,11,4_107_113,4883,3
2022/7/8,1B0,5,51_86_87_88,8462,4
2022/7/8,1B0,9,5_20,8547,2
2022/7/8,1C0,4,3_15,8394,2
2022/7/8,1C0,13,10_20,8037,2
2022/7/8,1C0,15,6_119,8018,2
2022/7/8,1C0,17,11_53,7928,2
2022/7/8,1D0,11,16_51_115,7756,3
2022/7/8,1D0,14,45_62,7368,2
2022/7/8,1E0,5,83_101_103,7273,3
2022/7/8,2B0,4,56,7019,1
2022/7/8,2B0,14,26_109,6881,2
2022/7/8,2B0,17,58_83,6679,2
2022/7/12,1B0,4,38,7935,1
2022/7/12,1B0,11,28_34,8621,2
2022/7/12,1D0,1,52_112,7569,2
2022/7/12,1D0,8,51_71,7173,2
2022/7/12,1E0,17,10_41_91,6608,3
2022/7/12,2B0,3,92_106,2117,2
2022/7/12,2B0,16,47_87,6589,2
2022/7/12,2C0,2,22_111,6044,2
2022/7/14,1B0,1,53_100,8879,2
2022/7/14,1B0,7,107,8558,1
2022/7/14,1B0,15,2_25_100,8522,3
2022/7/14,1B0,17,26_38_55,8592,3
2022/7/14,1C0,5,27_79,8624,2
2022/7/14,1C0,8,12_100,8255,2
2022/7/14,1C0,14,17_104,8156,2
2022/7/14,1D0,14,26_56_100,7398,3
2022/7/16,1E0,6,15_25_79,7174,3
2022/7/16,1C0,4,48_100,8482,2
2022/7/16,1C0,7,91_106,8096,2
2022/7/16,1C0,10,84_96,7980,2
2022/7/16,1C0,11,66_76,8175,2
2022/7/16,1C0,14,62_87,7996,2
2022/7/16,1C0,17,41_117,7961,2
2022/7/16,1C0,19,92_102,8705,2
2022/7/16,1D0,5,37_102,7928,2
2022/7/18,1B0,3,64_91,7003,2
2022/7/18,1B0,7,17,8659,1
2022/7/18,1B0,11,50_65_111,8692,3
2022/7/18,1C0,1,4_9,7053,2
2022/7/18,1C0,9,2_104,7053,2
2022/7/18,1C0,14,15,8372,1
2022/7/18,1C0,15,81_117,8101,2
2022/7/18,1C0,16,83_100,8068,2
2022/7/18,1D0,2,51_99_100,8010,3
2022/7/18,1D0,15,100_113_119,7389,3
2022/7/18,1D0,16,19_76_106,7255,3
2022/7/19,1D0,1,1_51_66_105,7647,4
2022/7/19,1D0,12,1_10_76_81,7493,4
2022/7/19,1D0,17,21_47,7063,2
2022/7/19,1D0,19,13_33_77,7053,3
2022/7/19,1E0,3,65_70_81,7409,3
2022/7/19,2C0,11,43_52_109,6755,3
2022/7/23,1D0,4,17_88,7992,2
2022/7/23,2C0,16,55_98,6652,2
2022/7/23,2D0,18,19_60_92_103_105,6152,5
2022/7/23,2E0,17,85_89,4337,2
2022/7/25,2B0,10,28_29_47,7053,3
2022/7/25,2C0,10,30_32_86_92,6975,4
2022/7/25,2D0,5,52_74_79_81_83_85,6834,6
2022/7/27,2B0,14,80_94,7151,2
2022/7/27,2B0,16,23_50,6794,2
2022/7/27,2D0,11,17_19_26_94_119_121,6383,6
2022/7/30,1B0,5,22_88,8654,2
2022/7/30,1B0,12,24_28,8774,2
2022/7/30,1B0,19,40_100_113,4085,3
2022/7/30,1C0,1,59,7887,1
2022/7/30,1C0,4,10_41,8526,2
2022/7/30,1C0,6,65_109,8415,2
2022/7/30,1C0,15,66_121,8166,2
2022/7/30,1D0,7,31_54_117,8021,3
2022/7/30,1D0,13,43_81_100,7553,3
2022/7/30,1D0,17,70_106,7081,2
2022/7/30,1D0,18,53_87_111,7321,3
2022/7/30,1E0,1,32_68_92,7477,3
2022/7/30,1E0,15,23_66,6211,2
2022/7/30,1E0,16,32_89,6354,2
2022/8/3,1B0,10,10_24_56,8966,3
2022/8/3,1B0,13,6_85_121,8922,3
2022/8/3,1C0,13,33_120,8272,2
2022/8/3,1C0,15,76,8203,1
2022/8/3,1D0,9,25_27_30,7989,3
2022/8/3,1D0,14,2_90,7523,2
2022/8/3,2B0,3,94_102,7449,2
2022/8/3,2B0,5,24_66,6609,2
2022/8/3,2B0,11,76,6658,1
2022/8/3,2B0,18,89_101,7132,2
2022/8/3,2C0,1,40_59_92,7029,3
2022/8/3,2C0,5,40_85,7163,2
2022/8/3,2C0,6,21_40,7000,2
2022/8/3,2C0,11,100_107,6902,2
2022/8/3,2C0,12,10_30_120,6960,3
2022/8/3,2C0,13,14_63_75,6932,3
2022/8/3,2C0,17,26_42_63_65,6881,4
2022/8/5,1E0,7,21_96_109,7279,3
2022/8/5,1E0,8,10_100_110,7220,3
2022/8/5,1E0,11,27_30_32_78,7005,4
2022/8/5,1E0,13,21_30_58,6795,3
2022/8/5,1E0,14,73_77_98,6776,3
2022/8/5,2B0,4,91_92,7433,2
2022/8/5,2C0,8,58_79_87,7042,3
2022/8/5,2C0,11,89_90,6934,2
2022/8/5,2C0,18,26_28_87_119,6921,4
2022/8/6,1B0,3,92_103,9172,2
2022/8/6,1B0,4,9_49,8136,2
2022/8/6,1B0,12,75_89,8853,2
2022/8/6,1C0,1,87_106,7938,2
2022/8/6,1C0,6,27_104,8483,2
2022/8/6,1C0,9,74_106,8444,2
2022/8/6,1C0,11,60_78,8137,2
2022/8/6,1C0,13,19_104,8303,2
2022/8/6,1C0,19,45_74,8129,2
2022/8/6,1D0,3,38_83,8283,2
2022/8/6,1D0,4,21_52_77,8106,3
2022/8/6,1E0,18,11_28_51,6565,3
2022/8/8,1D0,1,28_32_75,7799,3
2022/8/8,2B0,7,31_57_91,7433,3
2022/8/8,2B0,14,23_42_68,7206,3
2022/8/8,2B0,17,80_81,7304,2
2022/8/8,2C0,1,26_51_96,7076,3
2022/8/8,2C0,15,23_96_118,6918,3
2022/8/8,2E0,13,55_68,4957,2
2022/8/8,2E0,19,13_74_117,4264,3
2022/8/10,1B0,8,35_36,8955,2
2022/8/10,1B0,9,70_79,8842,2
2022/8/10,1B0,14,9_79_112,8720,3
2022/8/10,1B0,17,24_65_85,8853,3
2022/8/10,1C0,10,13_65,8324,2
2022/8/10,1D0,12,54_66_120,8045,3
2022/8/10,1E0,1,20_25_78,7651,3
2022/8/10,1E0,12,87_93_102,7520,3
2022/8/13,1D0,2,56_79_85,8257,3
2022/8/13,1D0,8,2_52,7469,2
2022/8/13,1D0,9,60_83,8045,2
2022/8/13,1D0,15,38_81_118,7584,3
2022/8/13,1E0,2,53_81_115,7715,3
2022/8/13,2B0,1,11_51_74,7692,3
2022/8/13,2B0,3,13_105,7594,2
2022/8/13,2B0,5,7_94_108,7549,3
2022/8/13,2C0,5,34_119,7310,2
2022/8/13,2D0,17,58_70_85,6249,3
2022/8/13,2E0,18,57,5578,1
2022/8/15,1D0,1,80_98_104,7905,3
2022/8/15,1D0,10,17_67,7951,2
2022/8/15,1D0,13,8_67_121,7712,3
2022/8/15,1D0,17,34_42_74,7249,3
2022/8/15,1C0,9,40_76,8497,2
2022/8/15,1C0,14,93,8396,1
2022/8/15,1C0,15,40_94,8308,2
2022/8/15,1C0,17,49_109,8263,2
2022/8/15,1B0,1,19_28,9214,2
2022/8/15,1B0,2,9_109,7958,2
2022/8/15,1B0,3,12_80_105,8250,3
2022/8/15,1B0,11,18_76_92,8970,3
2022/8/15,1B0,15,10_53_94,8861,3
2022/8/15,1B0,18,71_73_55,8755,3
2022/8/19,1C0,1,9_100,8054,2
2022/8/19,1C0,8,41_43,181,2
2022/8/19,2B0,2,15_103,7716,2
2022/8/19,2B0,15,67,5662,1
2022/8/19,2C0,3,41_43_54_68,7434,4
2022/8/19,2C0,4,57_59_94_96,6147,4
2022/8/19,2D0,19,18_23_95_104_106,6410,5
2022/8/19,2E0,7,80_111,5785,2
2022/8/22,1B0,7,43_87_112,8956,3
2022/8/22,1B0,16,7_65_67,8967,3
2022/8/22,1C0,7,119,8796,1
2022/8/22,1D0,18,13_17_102,7531,3
2022/8/22,1E0,15,69_78_83,6369,3
2022/8/22,2B0,16,29_60,7157,2
2022/8/24,1B0,1,66_77,9295,2
2022/8/24,1B0,6,31_55_82,9326,3
2022/8/24,1C0,6,19_41,8641,2
2022/8/24,1C0,9,36,8547,1
2022/8/24,1C0,13,23_40_108,8446,3
2022/8/24,1C0,17,10_87,8316,2
2022/8/24,1C0,18,19_53,8273,2
2022/8/24,1D0,1,62_73,7959,2
2022/8/24,2B0,1,8_27_85,7800,3
2022/8/24,2C0,14,9_12_13,7234,3
2022/8/26,1D0,6,54_70_85_105,8174,4
2022/8/26,1E0,11,25_72_89,7128,3
2022/8/26,2B0,6,11_21_23_29,6977,4
2022/8/26,2B0,7,17_87_104,7497,3
2022/8/26,2C0,2,26_28_65_104,6680,4
2022/8/26,2C0,11,12_39_121,7185,3
2022/8/26,2C0,19,38_40,6931,2
2022/8/27,1E0,7,96_115,7434,2
2022/8/27,2D0,7,67_96,7137,2
2022/8/27,2D0,11,17_79,6665,2
2022/8/27,2E0,9,103_120,5721,2
2022/8/29,1B0,12,66_89_91,9092,3
2022/8/29,1B0,17,104,9036,1
2022/8/29,2B0,5,38_64,7778,2
2022/8/29,2B0,16,53_79,7263,2
2022/8/29,2B0,19,34_57,7320,2
2022/8/29,2C0,5,44,7504,1
2022/8/29,2C0,6,50_55,7367,2
2022/8/29,2C0,16,109_117,7121,2
2022/8/30,1B0,7,25_70_118,9056,3
2022/8/30,1B0,8,32_43_29,9161,3
2022/8/30,1B0,9,13_64,9047,2
2022/8/30,1B0,15,49_60_96,9045,3
2022/8/30,1E0,1,3_76_100,7713,3
2022/8/30,2C0,1,13_26,7402,2
2022/8/30,2C0,7,26_49_98,7561,3
2022/8/30,2C0,17,28_60_65,7214,3
2022/8/30,2D0,1,14_15_16_19_81,7455,5
2022/8/30,2D0,16,13_50_39_52_108,6673,5
2022/8/30,2E0,4,70_72_59,6149,3
2022/8/31,1C0,6,26_68,8698,2
2022/8/31,1D0,5,100,8329,1
2022/8/31,1E0,9,49_81_109,7404,3
2022/8/31,2B0,1,13_15_39_46,7957,4
2022/9/3,2B0,2,22_105,7962,2
2022/9/3,2B0,3,43_60,7905,2
2022/9/3,2B0,11,76,7168,1
2022/9/3,2B0,12,8,7492,1
2022/9/5,2B0,11,29_90_121,7519,3
2022/9/5,2B0,12,13_96,7510,2
2022/9/5,2C0,15,26_77_79,7276,3
2022/9/5,2D0,8,44_53_56,7244,3
2022/9/5,2E0,2,13_70_109,6438,3
2022/9/5,2E0,7,92_100,5132,2
2022/9/5,2E0,8,79,5755,1
2022/9/5,2E0,12,10_12_34_36_67,4758,5
2022/9/7,2B0,10,29_31_39_58_60,7734,5
2022/9/7,2B0,13,100,7310,1
2022/9/7,2C0,2,43_65_102,6871,3
2022/9/9,2B0,14,83_87,7738,2
2022/9/9,2D0,11,16_43_56_121,6792,4
2022/9/12,2B0,1,24_74_84,8151,3
2022/9/12,2B0,8,54_59_62_64,7979,4
2022/9/12,2B0,13,74_76_100,7360,3
2022/9/12,2B0,17,27_60,7586,2
2022/9/12,2C0,1,15_79_81,7604,3
2022/9/12,2D0,4,42_73_104,7464,3
2022/9/12,2E0,5,6_8_111,6200,3
2022/9/12,2E0,14,45_78,5243,2
2022/9/12,2E0,19,118_120,4488,2
2022/9/14,2B0,18,25_41,7785,2
2022/9/14,2C0,2,4_106,6965,2
2022/9/14,2C0,8,15_43_65,7582,3
2022/9/16,2B0,4,6_66_119,7992,3
2022/9/16,2B0,7,52_96,7829,2
2022/9/16,2B0,14,49_113,7840,2
2022/9/17,2C0,12,1_40_119,7528,3
2022/9/19,2D0,11,62_109_117,6923,3
2022/9/19,2D0,14,12_87_89_122,6774,4
2022/9/20,2B0,2,25_43,8214,2
2022/9/20,2B0,3,41_120,8186,2
2022/9/20,2B0,5,68,8149,1
2022/9/20,2B0,11,25_43_118_120,7421,4
2022/9/20,2B0,15,69,6169,1
2022/9/20,2B0,16,21_60,7615,2
2022/9/20,2C0,1,107,7728,1
2022/9/23,2B0,8,59_92,8168,2
2022/9/23,2C0,5,22_26,7910,2
2022/9/23,2C0,8,70_74_81,7753,3
2022/9/23,2C0,18,39_87,7566,2
2022/9/23,2E0,13,40_49_72_122,5354,4
2022/9/23,2E0,15,13_15_32_75,5300,4
2022/9/26,2E0,1,13_19_90,6765,3
2022/9/30,2C0,1,8_109,7899,2
2022/9/30,2C0,9,43_56,7843,2
2022/9/30,2C0,11,89_102_112,7698,3
2022/9/30,2D0,12,58_93_111,7309,3
2022/10/5,2D0,3,4_91_97_115,7985,4
2022/10/5,2D0,7,66_98,7706,2
2022/10/5,2E0,2,76_114_119,6795,3
2022/10/5,2E0,5,81_90_117,6453,3
2022/10/5,2E0,7,58_87,6317,2
2022/10/5,2E0,11,7_109,5687,2
2022/10/10,2D0,1,21_36,7934,2
2022/10/10,2D0,4,1_67_96,6954,3
2022/10/10,2D0,5,22_121,8131,2
2022/10/10,2D0,6,44_77_111,7952,3
2022/10/10,2D0,7,64_111,8201,2
2022/10/10,2D0,17,10_51_72,7783,3
2022/10/10,2D0,6,51_67_69_89_101_120,7932,6
2022/10/10,2D0,9,36_94_96_100_107,7682,5
2022/10/10,2D0,11,13_72_121,7091,3
2022/10/10,2D0,13,5_16_43_83,7341,4
2022/10/11,2D0,2,15_70_85_121,8072,4
2022/10/13,2D0,1,23_60_96,8140,3
2022/10/13,2D0,5,56_96_111,7909,3
2022/10/13,2D0,16,44_58_120,7268,3
2022/10/13,2D0,17,57_58,7011,2
2022/10/13,2D0,18,79_87_117,7140,3
2022/10/13,2D0,19,13_16_112,7112,3
2022/10/13,2E0,9,23_80_118,6125,3
2022/10/14,2D0,12,56_102,7512,2
2022/10/14,2E0,1,14_76_79,6966,3
2022/10/14,2E0,8,60,6087,1
2022/10/14,2E0,12,10,5277,1
2022/10/19,2B0,2,18_36,8395,2
2022/10/19,2B0,4,94_103,8167,2
2022/10/19,2B0,13,32_55,7575,2
2022/10/19,2B0,14,83_106,7986,2
2022/10/19,2B0,15,66_93,6353,2
2022/10/19,2B0,16,22_29_36,7776,3
2022/10/19,2C0,9,49_55_58,8044,3
2022/10/19,2C0,10,60_76,8223,2
2022/10/19,2C0,11,10_47_76,7992,3
2022/10/19,2D0,4,1_98,8001,2
2022/10/19,2D0,11,39,7183,1
2022/10/19,2D0,15,100_112,7407,2
2022/10/20,2B0,11,15_120,7642,2
2022/10/20,2C0,1,91_119,8075,2
2022/10/20,2C0,6,23_38_42,8096,3
2022/10/20,2C0,8,52_55_58,8158,3
2022/10/20,2C0,13,72_75_90,8087,3
2022/10/20,2D0,6,45_67_108_117,8044,4
2022/10/20,2D0,11,79,7207,1
2022/10/20,2E0,8,58,6126,1
2022/10/20,2E0,17,13_25_109,5055,3
2022/10/27,2B0,4,90_91,8229,2
2022/10/27,2B0,8,50_104,8386,2
2022/10/27,2B0,9,29_58_113,6381,3
2022/10/27,2B0,15,29_88_92,6449,3
2022/10/27,2C0,5,91_120,8313,2
2022/10/27,2C0,12,26_76_112,8142,3
2022/10/28,2B0,5,29_43,8472,2
2022/10/28,2B0,13,119,7691,1
2022/10/28,2C0,2,80_93,7652,2
2022/10/28,2C0,10,20_46_117,8312,3
2022/10/31,2D0,8,114,7996,1
2022/10/31,2D0,11,83_119,7246,2
2022/10/31,2D0,18,8_13_112,7367,3
2022/10/31,2E0,7,80,6561,1
2022/10/31,2E0,9,66_74,6353,2
2022/10/31,2E0,11,74_119,5893,2
2022/11/2,2B0,4,52,8262,1
2022/11/2,2B0,10,60_76,8335,2
2022/11/2,2B0,12,68_102,8177,2
2022/11/2,2B0,14,89_115,8138,2
2022/11/2,2B0,17,47_70,8059,2
2022/11/2,2B0,18,76_83,8220,2
2022/11/2,2C0,3,6_53_69,8609,3
2022/11/2,2C0,17,55_67_72,8074,3
2022/11/2,2D0,1,26_65_86,8411,3
2022/11/2,2D0,11,28,7267,1
2022/11/2,2D0,14,1_83,7415,2
2022/11/2,2E0,14,13_100,6967,2
2022/11/2,2E0,15,42_78_113,6825,3
2022/11/4,2B0,7,47_58,8330,2
2022/11/4,2B0,13,55_89,7820,2
2022/11/4,2B0,14,9_41,8167,2
2022/11/4,2C0,6,49_47_100,8301,3
2022/11/7,2B0,8,55_56_68,8582,3
2022/11/7,2B0,16,52,8046,1
2022/11/7,2C0,2,37_99,7834,2
2022/11/7,2C0,7,74_78_81,8598,3
2022/11/7,2C0,11,28_106_115,8244,3
2022/11/9,2B0,7,21_119,8382,2
2022/11/9,2D0,2,6_10_86_88,8431,4
2022/11/9,2D0,3,8_91_92,8465,3
2022/11/9,2D0,11,78,7286,1
2022/11/9,2E0,10,21_115,6601,2
2022/11/11,2B0,11,15_77_120,7984,3
2022/11/11,2B0,17,23_40,8168,2
2022/11/11,2C0,13,16_23_68,8395,3
2022/11/11,2D0,8,53_107,8159,2
2022/11/11,2D0,17,25_58,7421,2
2022/11/11,2E0,8,57,6303,1
2022/11/11,2E0,11,64_68,6000,2
2022/11/14,2B0,4,87_95,8427,2
2022/11/14,2B0,6,13_64,8011,2
2022/11/14,2B0,10,38_47,8496,2
2022/11/14,2B0,15,67_69,6735,2
2022/11/16,2B0,13,41_98,7971,2
2022/11/16,2B0,16,54_96,8173,2
2022/11/16,2C0,8,60_66_76,8521,3
2022/11/16,2C0,18,20_90_92,8366,3
2022/11/16,2D0,4,27_81_83,8377,3
2022/11/16,2D0,9,51_84_89,8745,3
2022/11/16,2D0,11,30_108,7352,2
2022/11/16,2E0,1,10_39,7375,2
2022/11/17,2B0,13,29,7971,1
2022/11/17,2B0,15,92,6773,1
2022/11/17,2E0,7,41_85_100,6749,3
2022/11/18,2D0,5,82_102,8675,2
2022/11/18,2D0,19,26_68_44,8167,3
2022/11/18,2E0,4,90_100,8490,2
2022/11/18,2E0,7,65_113,8521,2
2022/11/18,2E0,15,40,6775,1
2022/11/21,2B0,11,6_120,8073,2
2022/11/21,2B0,14,48_74,8433,2
2022/11/21,2B0,18,17_29_53_99,8502,4
2022/11/21,2C0,1,28_85_115,8566,3
2022/11/21,2C0,6,13_79_111,8521,3
2022/11/21,2C0,12,17_25_91,8511,3
2022/11/21,2C0,17,31_47_72,8340,3
2022/11/21,2C0,18,28_45_57,8425,3
2022/11/21,2D0,1,19_47_58,8666,3
2022/11/21,2D0,8,15_87,8255,2
2022/11/21,2D0,11,32,7418,1
2022/11/21,2D0,14,17,7626,1
2022/11/21,2D0,18,6_81_104,7668,3
2022/11/21,2E0,10,25_26_27_28,6794,4
2022/11/25,2B0,7,63_104,8659,2
2022/11/25,2E0,2,66_67,7458,2
2022/11/28,2B0,6,9_18_29,8287,3
2022/11/28,2B0,8,72_98,8826,2
2022/11/28,2B0,11,1_37_120,8183,3
2022/11/28,2C0,1,44_49,8669,2
2022/11/28,2C0,9,60_92,8646,2
2022/11/28,2D0,6,10_49_67_69_85,8606,5
2022/11/28,2E0,4,35_75_80,7289,3
2022/12/4,2B0,4,23_72_99,8689,3
2022/12/4,2B0,7,8_25_107,8796,3
2022/12/4,2B0,9,25_43_49,7011,3
2022/12/4,2B0,11,67_85_120,8209,3
2022/12/4,2B0,12,19_29_85,8640,3
2022/12/4,2C0,1,48_59_111,8758,3
2022/12/4,2C0,4,40_79,7746,2
2022/12/4,2C0,8,34_85_107,8831,3
2022/12/4,2C0,11,3_26_68,8657,3
2022/12/4,2C0,13,12_21_70,8696,3
2022/12/5,2D0,4,79_104,8610,2
2022/12/5,2D0,11,70,7582,1
2022/12/5,2D0,14,47_83,7748,2
2022/12/5,2D0,15,8_79,7997,2
2022/12/5,2D0,19,28_108_117,7815,3
2022/12/5,2E0,2,62_102,7513,2
2022/12/5,2E0,4,13_41_76,7365,3
2022/12/5,2E0,5,13_49_56,7179,3
2022/12/5,2E0,11,102_117,6246,2
2022/12/5,2E0,16,37_73,5127,2
2022/12/8,2B0,8,47_64,9054,2
2022/12/8,2B0,10,63_93,8949,2
2022/12/8,2B0,14,19_66_94,8629,3
2022/12/8,2B0,17,19_29_93,8636,3
2022/12/8,2C0,2,38_107,8368,2
2022/12/8,2C0,10,27_53_80,8964,3
2022/12/8,2C0,14,11_76_80,8645,3
2022/12/9,2C0,6,38_93_116,8831,3
2022/12/9,2D0,3,11_57_91_93,8937,4
2022/12/9,2D0,8,42_117,8513,2
2022/12/9,2D0,12,8_89_121,8337,3
2022/12/9,2E0,7,9_13_108,7043,3
2022/12/11,2B0,6,10_33_58,8509,3
2022/12/11,2B0,7,21_83,8897,2
2022/12/11,2B0,16,15_93,8646,2
2022/12/11,2B0,19,3_29_58,8704,3
2022/12/11,2C0,1,12_25_83,8871,3
2022/12/11,2C0,3,15_38,9281,2
2022/12/11,2C0,12,41_100_118,8867,3
2022/12/11,2D0,13,34_38_85,8210,3
2022/12/11,2D0,16,36_92_117,8151,3
2022/12/11,2D0,17,88,7877,1
2022/12/11,2E0,1,64_81,7768,2
2022/12/11,2E0,13,30_95_97_119,6310,4
2022/12/11,2E0,15,30_57_59,6176,3
2022/12/11,2E0,16,90,5195,1
2022/12/14,2B0,4,89_91_104,8869,3
2022/12/14,2B0,16,20_36,8689,2
2022/12/14,2C0,13,7_110_115,8869,3
2022/12/14,2D0,2,4_8_16,8987,3
2022/12/14,2D0,7,94,8633,1
2022/12/14,2D0,9,6_23_104,8559,3
2022/12/14,2D0,10,76_82_84,8310,3
2022/12/14,2D0,14,83_105,7876,2
2022/12/14,2D0,17,40_52,7912,2
2022/12/14,2E0,9,9_85_106,6856,3
2022/12/17,2B0,10,93_108,9087,2
2022/12/17,2C0,2,27_87_96,8517,3
2022/12/17,2C0,3,41_88,9346,2
2022/12/17,2C0,12,11_51_113,8950,3
2022/12/17,2C0,19,28_58_121,8650,3
2022/12/17,2D0,1,16_60_80_110,9115,4
2022/12/17,2D0,5,8_38_66,8936,3
2022/12/17,2D0,16,30_50_102,8211,3
2022/12/17,2D0,18,6_19_72,8058,3
2022/12/17,2E0,6,27_31,7514,2
2022/12/17,2E0,7,36_75_98,7153,3
2022/12/19,2B0,13,78_113,8556,2
2022/12/19,2B0,16,98_120,8748,2
2022/12/19,2C0,8,72_82_84_116,9054,4
2022/12/19,2D0,7,22,8640,1
2022/12/19,2D0,11,25_119,7787,2
2022/12/19,2E0,8,57_58_59_60,6766,4
2022/12/21,2B0,11,83_111_120,8488,3
2022/12/21,2B0,18,57_59_98,8958,3
2022/12/21,2C0,4,44_70_95,8030,3
2022/12/21,2C0,6,15_108,9016,2
2022/12/21,2E0,4,35_68,7605,2
2022/12/21,2E0,5,24_45_120,7407,3
2022/12/21,2E0,11,13_28_43,6453,3
2022/12/21,2E0,12,35,6107,1
2022/12/21,2E0,13,40_80_85,6405,3
2022/12/22,2B0,4,60_91,9017,2
2022/12/22,2B0,8,13_60,9317,2
2022/12/22,2B0,12,11_104,8964,2
2022/12/22,2C0,7,16_45_67_109,9316,4
2022/12/22,2C0,10,76_88_92,9193,3
2022/12/22,2C0,11,32_47_49,8937,3
2022/12/23,2B0,16,66_73,8819,2
2022/12/23,2D0,2,68_84_86_94,9128,4
2022/12/23,2D0,8,60_66,8739,2
2022/12/23,2D0,9,49_56_109,8693,3
2022/12/23,2D0,11,43_106,7825,2
2022/12/26,2B0,6,63_80,8791,2
2022/12/26,2B0,8,98_113,9368,2
2022/12/26,2B0,10,64_108,9202,2
2022/12/26,2B0,13,23_32_121,8665,3
2022/12/26,2C0,2,28_57_66,8636,3
2022/12/26,2C0,6,45_46_50,9118,3
2022/12/26,2C0,12,26_39_101,9067,3
2022/12/26,2D0,4,17_64_107,8920,3
2022/12/26,2D0,7,22_70,8746,2
2022/12/26,2D0,8,78_98_121,8778,3
2022/12/26,2D0,12,13_104,8619,2
2022/12/26,2D0,15,52_83,8287,2
2022/12/26,2E0,4,41_74,7692,2
2022/12/26,2E0,10,13_64_113,7299,3
2022/12/26,2E0,18,13_65,5515,2
2022/12/27,2B0,17,26_91_115,8985,3
2022/12/27,2B0,19,8_28_78,9006,3
2022/12/27,2D0,11,14,7902,1
2022/12/27,2E0,8,66,6903,1
2022/12/27,2E0,9,43_107,7028,2
2022/12/28,2B0,9,45_77,7479,2
2022/12/28,2B0,15,67_92,7541,2
2022/12/28,2C0,18,4_72_87,9055,3
2022/12/30,2B0,4,29_91_96,9163,3
2022/12/30,2B0,11,8_14,8646,2
2022/12/30,2B0,14,29_45_80,9050,3
2022/12/30,2C0,8,8_35_91,9277,3
2022/12/30,2C0,17,23_70_117,9006,3
2023/1/3,2B0,8,29_73_119,9495,3
2023/1/3,2B0,11,49_58,8718,2
2023/1/3,2B0,14,8_51_87,9126,3
2023/1/3,2B0,16,43_74,8988,2
2023/1/3,2C0,11,38_92_111,9171,3
2023/1/3,2C0,13,43_54_66,9131,3
2023/1/4,2D0,2,49_92_113,9320,3
2023/1/4,2D0,3,16_91,9329,2
2023/1/4,2D0,5,15_65,9191,2
2023/1/4,2D0,11,6_89_119,8057,3
2023/1/4,2D0,16,1_91_97,8447,3
2023/1/4,2E0,2,6_115,7921,2
2023/1/4,2E0,5,4_113_119,7619,3
2023/1/4,2E0,6,13_25_41,7845,3
2023/1/4,2E0,8,106,6964,1
2023/1/4,2E0,12,33_36_62_82,6226,4
2023/1/4,2E0,16,29_31_58,5532,3
2023/1/7,2B0,6,9_14,9011,2
2023/1/7,2B0,9,17_32,7625,2
2023/1/7,2B0,19,19_48_86,9209,3
2023/1/7,2C0,9,74_87_96,9346,3
2023/1/7,2C0,11,68_81_102,9217,3
2023/1/7,2D0,1,25_88_91,9519,3
2023/1/7,2D0,8,45_76_116,8958,3
2023/1/7,2D0,10,27_96,8680,2
2023/1/7,2D0,12,31_64,8824,2
2023/1/7,2E0,1,1_16_89,8238,3
2023/1/10,2B0,7,62_112,9483,2
2023/1/10,2B0,11,29_51_118_120,8833,4
2023/1/10,2B0,12,98_87,9319,2
2023/1/10,2B0,16,20_68,9086,2
2023/1/10,2C0,12,44_73_119,9339,3
2023/1/11,2B0,8,45_78_96,9650,3
2023/1/11,2B0,14,2_95_102_111,9289,4
2023/1/11,2C0,2,28_40_89,8954,3
2023/1/11,2C0,14,30_60_105,9287,3
2023/1/11,2D0,5,21_29_108,9293,3
2023/1/11,2D0,7,25_108,9063,2
2023/1/11,2D0,15,44_98,8536,2
2023/1/11,2E0,4,18_59_64,7930,3
2023/1/11,2E0,7,21_37_65,7601,3
2023/1/11,2E0,8,26_77,7033,2
2023/1/11,2E0,9,33_38_113,7238,3
2023/1/12,2B0,11,60_74_77,8868,3
2023/1/12,2C0,5,32,8676,1
2023/1/12,2C0,10,39_41_57,9624,3
2023/1/12,2C0,17,35_109_114,9243,3
2023/1/12,2E0,3,20_30,891,2
2023/1/12,2E0,14,13_15_74_90,6835,4
2023/1/12,2E0,18,32_66_85,5838,3
2023/1/16,2B0,12,10_15_79,9435,3
2023/1/16,2B0,13,15_23,9038,2
2023/1/16,2B0,14,42_49_96,9358,3
2023/1/16,2B0,16,57_98,9150,2
2023/1/16,2B0,19,29_38_58,9370,3
2023/1/16,2C0,8,54_80,9592,2
2023/1/16,2D0,11,30_48,8269,2
2023/1/16,2D0,13,17_34_38,8883,3
2023/1/16,2D0,15,13_100,8610,2
2023/1/16,2E0,9,60_65,7309,2
2023/1/16,2E0,10,25_47_111,7699,3
2023/1/18,2B0,7,29_91_100,9646,3
2023/1/18,2B0,9,65_91_92,7843,3
2023/1/18,2B0,11,56_119,8981,2
2023/1/18,2C0,8,43_108,9600,2
2023/1/18,2E0,2,74_117,8196,2
2023/1/18,2E0,7,40_78_92,7723,3
2023/1/18,2E0,11,8_11_36,6988,3
2023/1/18,2E0,13,4_13_97,6926,3
2023/1/21,2B0,6,104_111,9269,2
2023/1/21,2C0,6,6_30_45_47,9636,4
2023/1/21,2C0,8,39_51,9636,2
2023/1/21,2C0,12,2_107,9530,2
2023/1/21,2D0,2,8_58_92,9629,3
2023/1/21,2D0,3,81_91_93_102,9649,4
2023/1/21,2D0,5,65_94_109,9481,3
2023/1/21,2D0,7,47_121,9239,2
2023/1/21,2D0,11,67_119,8304,2
2023/1/21,2E0,6,27_93_100,8139,3
2023/1/21,2E0,8,16_57,7210,2
2023/1/24,2B0,7,53_56_120,9728,3
2023/1/24,2B0,13,8_36,9178,2
2023/1/24,2B0,15,29_23_24,8053,3
2023/1/24,2C0,8,56_64_113,9667,3
2023/1/24,2C0,14,13_26_81,9494,3
2023/1/24,2C0,18,19_68_83,9480,3
2023/1/24,2C0,19,62_95_121,9295,3
2023/1/24,2D0,1,6_26_43,9800,3
2023/1/24,2D0,3,85_104_68_69,9673,4
2023/1/24,2D0,11,47_117,8335,2
2023/1/24,2E0,4,24_55_121,8128,3
2023/1/24,2E0,5,20_27_39,7938,3
2023/1/24,2E0,9,41_63_118_119,7408,4
2023/1/27,2C0,2,21_50_117,9196,3
2023/1/27,2D0,8,77_121,9299,2
2023/1/27,2D0,12,11_113,9166,2
2023/1/27,2D0,13,19_26_121,9026,3
2023/1/27,2E0,3,48_59,1087,2
2023/1/28,2B0,11,48_120,9151,2
2023/1/28,2B0,14,43_117_119,9569,3
2023/1/28,2C0,11,33_77_96,9613,3
2023/1/31,2B0,17,16_72_98,9674,3
2023/1/31,2C0,2,25_26_101,9218,3
2023/1/31,2C0,4,19_68_96,8825,3
2023/1/31,2C0,9,32_45_113,9795,3
2023/2/1,2B0,16,55_119,9437,2
2023/2/1,2C0,18,68_78_111,9592,3
2023/2/1,2D0,3,30_91_92,9764,3
2023/2/1,2D0,5,87_106_107,9618,3
2023/2/1,2D0,13,30_56,9072,2
2023/2/1,2D0,15,16_111,8773,2
2023/2/1,2D0,16,59_98_102,8901,3
2023/2/1,2E0,4,36_87_120,8177,3
2023/2/1,2E0,8,101,7269,1
2023/2/1,2E0,9,21_47,7470,2
2023/2/4,2B0,6,29_47_121,9493,3
2023/2/4,2B0,13,19_41,9365,2
2023/2/4,2B0,19,18_23_31,9695,3
2023/2/4,2C0,7,72_80_100,10146,3
2023/2/4,2C0,19,18_23_31,9454,3
2023/2/6,2B0,15,67_90_92,8276,3
2023/2/6,2B0,16,94,9507,1
2023/2/6,2C0,12,4_41_79,9795,3